minus1,ptc_freq,n,count,regular_freq,aa
GCC,0.028459313032245998,2530,14331,0.02374666070704656,A
GCT,0.012182726891513984,1164,6902,0.01596104071598599,A
GCA,0.015261225538901288,1030,8382,0.015254202051911064,A
GCG,0.003541180036377119,412,1872,0.0053948421566895,A
TGC,0.021192643249820512,1264,11625,0.01595064602974959,C
TGT,0.010433045531217194,663,5990,0.013409145244950781,C
GAC,0.026983424606641042,2058,15434,0.02191719592944087,D
GAT,0.013612882391387407,1113,7294,0.018128332796274543,D
GAG,0.035664157402115856,2750,18581,0.032550959949273935,E
GAA,0.025169765305670458,2161,13554,0.02798769269149611,E
TTC,0.02828537272904093,1957,15135,0.021189567892893155,F
TTT,0.015474982750898172,1189,9134,0.023117782189744602,F
GGC,0.02941948071073611,1871,16187,0.019017078469486397,G
GGG,0.020086528391203173,1260,11364,0.015217820650083678,G
GGA,0.014257363665662206,1136,7790,0.016766628899306673,G
GGT,0.008728368017161052,593,4837,0.009563111337484278,G
CAC,0.014696618587534035,1518,8237,0.01688616779102523,H
CAT,0.01295288647990856,910,7290,0.012749082668939638,H
ATC,0.023114839078560784,1736,13268,0.01682379967360685,I
ATT,0.01522440626299312,1066,8763,0.015732357618785275,I
ATA,0.011627554289850317,687,6495,0.008929035477064124,I
AAG,0.02544741634001705,2227,14066,0.03507686870471815,K
AAA,0.0221747628778554,2097,12171,0.02972880263609243,K
CTC,0.026310491050607426,1993,14738,0.020513913287527417,L
CTT,0.01762150312166351,1239,10187,0.016023408833404362,L
CTA,0.013927341601458774,815,7898,0.008024697774497677,L
TTA,0.0076426572118211845,688,4439,0.010191989854786233,L
CTG,0.03354979894173445,3100,17925,0.031417939149506774,M
ATG,0.016021289704954905,1471,8662,0.01847655478519381,M
TTG,0.01093701151226204,874,6216,0.013741775204515451,M
AAC,0.01641302162637414,1456,9533,0.01705768011392576,N
AAT,0.011623704276314553,1031,5833,0.015498477178466369,N
CCC,0.03381760976883259,2085,19326,0.021953577331268254,P
CCT,0.016279904982134254,1220,9315,0.020383979709572467,P
CCA,0.01791499686845203,1165,9985,0.018440173383366423,P
CCG,0.0040451203978746,429,2257,0.006470692182156482,P
CAG,0.03002963030476409,2537,16319,0.03380871698387784,Q
CAA,0.02474619633653383,986,13516,0.014110786565907509,Q
AGA,0.018794951052664485,1133,10203,0.01863247507873975,R
AGG,0.010207439055749636,1001,5268,0.017353928671663046,R
CGC,0.010025864054508588,945,5068,0.008549629429435672,R
CGG,0.008497903226389384,749,4208,0.008736733781690799,R
CGA,0.006088105452805331,372,3674,0.005618327910772014,R
CGT,0.0027394863218392776,295,1582,0.004168269180794778,R
TCC,0.023001108365813764,1727,10662,0.02168851283224016,S
AGC,0.026020817634492,1524,14472,0.02050351860129102,S
TCT,0.014105392343086215,1129,7275,0.019354905772169268,S
TCA,0.013371762951845634,819,7542,0.015607621383948526,S
AGT,0.007069929139417917,764,3953,0.01313368605968629,S
TCG,0.0025012906219895065,229,1140,0.004215045268858559,S
ACC,0.0251487244705219,1620,14316,0.017504651622090788,T
ACA,0.015884261040096395,1109,8937,0.015145057846428906,T
ACT,0.012483209860674133,1075,7193,0.013679407087097075,T
ACG,0.005879790676931108,405,3324,0.005493591675935262,T
GTG,0.014669762058417135,1590,7924,0.021127199775474777,V
GTC,0.012941930161373334,1034,7172,0.013050528569795121,V
GTT,0.007350289485461248,737,3635,0.011392576115089967,V
GTA,0.007477436645527681,564,4329,0.006943650405912497,V
TGG,0.01770622589124497,1125,9696,0.015524463894057358,W
TAC,0.01547313647846031,1457,8694,0.013513092107314741,Y
TAT,0.007689961137595897,764,4178,0.011849942309491388,Y
